{
  "num_cases": 5,
  "avg_faithfulness": 0.8166666666666667,
  "avg_answer_relevancy": 0.8339924921038426,
  "avg_context_precision": 0.9166666666075,
  "avg_context_recall": 1.0
}